{
        "LR": 2.5e-4,
        "NUM_ENVS": 16,
        "NUM_STEPS": 64,
        "TOTAL_TIMESTEPS": 1e7,
        "UPDATE_EPOCHS": 4,
        "NUM_MINIBATCHES": 16,
        "GAMMA": 0.99,
        "GAE_LAMBDA": 0.95,
        "CLIP_EPS": 0.2,
        "ENT_COEF": 0.01,
        "VF_COEF": 0.5,
        "MAX_GRAD_NORM": 0.5,
        "ACTIVATION": "relu",
        "ENV_NAME": "FullyObservableCountRecallEasy",
        "ANNEAL_LR": true,
        "DEBUG": true,
        "PROJECT": "popjym-acrade",
        "ENTITY": "",
        "WANDB_MODE": "online"
}
